{
    "h_min": 0.0,
    "h_max": 68.0440414507772,
    "s_min": 0.0,
    "s_max": 83.23834196891191,
    "v_min": 144.6761658031088,
    "v_max": 255.0
}