{
    "h_min": 11.89119170984456,
    "h_max": 33.69170984455958,
    "s_min": 0.0,
    "s_max": 50.20725388601036,
    "v_min": 186.29533678756476,
    "v_max": 255.0
}