{
    "h_min": 10.569948186528498,
    "h_max": 33.031088082901555,
    "s_min": 0.0,
    "s_max": 39.637305699481864,
    "v_min": 184.97409326424872,
    "v_max": 255.0
}