{
    "h_min": 0.0,
    "h_max": 68.0440414507772,
    "s_min": 0.0,
    "s_max": 101.07512953367876,
    "v_min": 132.78497409326425,
    "v_max": 255.0
}