{
    "h_min": 0.0,
    "h_max": 22.461139896373055,
    "s_min": 54.831606217616574,
    "s_max": 81.91709844559585,
    "v_min": 132.78497409326425,
    "v_max": 255.0
}